"none","price","battery1","battery2","battery3","battery4","weight1","weight2","weight3","sound1","sound2","sound3"
-12.4370427598246,-0.561689851118704,-1.65886555729951,-0.201509611478245,0.188451989475943,0.553755695591631,0.737699080350149,0.238116196409267,-0.0934294302022583,-3.08332679717865,-0.432423470055535,0.901087486115041
-12.4982361646817,-0.644911408252741,-0.740849314410329,-0.204692884842389,0.211880361967405,0.553424972833976,0.451693926535305,0.158744299776069,0.0401641746363285,-2.83796128144674,-0.388242997095562,0.971332590186337
-10.5555664473437,-0.0516953325740327,-1.34625158308423,-0.192646453878001,0.20960732095208,0.583471080633903,0.729107655985569,0.330825436112662,-0.0216974112527277,-3.44740578861865,-0.806736449917127,0.895339983704362
-5.12632366086833,-0.362175507801277,-1.34818891092634,-0.257458819681897,0.207682437862896,0.516700130594187,0.683342683234323,0.496832563024041,0.024838804759892,-2.91991030682906,-0.84537236846884,1.00411651692091
-13.2687279305161,-0.741941181649396,-1.63321396525495,-0.199836323802267,0.157626266055178,0.558287596386278,1.06320111523278,0.219691072012312,-0.112315259890577,-1.47410265097028,-0.279860732740234,0.918509644968913
0.454710159504578,-0.218354035178604,-1.63716750582396,-0.261592017437137,0.23879258168862,0.680289406881126,0.879587538753971,0.33523655985096,-0.235111102578887,-0.879640677093847,-0.29304641136835,0.862697422106123
-6.71067001538442,-1.09464170041574,-1.35418555601775,-0.178207496428452,0.141386998417898,0.559615469525408,1.08475582202569,0.21216905774522,-0.0282893985597218,-1.79948260270461,-0.214212998726864,0.980419438364158
-6.89458211617418,-0.704055198668913,-1.7866764952483,-0.22788856505752,0.11987642929584,0.538256737068798,0.506642989221931,0.199457463872881,-0.0457514384290522,-3.74310484521375,-0.725217615995615,0.832752983376787
-10.5944732356005,-0.277330801570579,-1.1132154490795,-0.207430745270777,0.145067910526535,0.594829683494677,0.429357852267274,0.0310373119386141,-0.0984687332230076,-4.07649512263762,-0.837611643970341,0.851071655876822
-13.1444887099517,-0.632920132989165,-0.541520525222385,-0.203352355601291,0.137005924203691,0.563169787081649,0.955654964088479,0.185211726421251,-0.0464521161166951,-0.818934294117571,-0.578844032114322,0.965737477463355
-12.0856414510311,-0.286297944838701,-0.916543972427246,-0.190425824858691,0.177013056596134,0.594309607822491,2.03770915443942,0.107711041049335,-0.0579992529772921,-0.598773108182131,-0.804853364977305,0.70737359188503
-9.38509693637402,-0.883953944822739,-1.23598909782628,-0.204933431335928,0.179284702934754,0.587511705428806,0.478813278942013,0.131999819054973,-0.0777379136731112,-2.79801177489394,-0.22646011148231,0.966967099332925
-12.5968718627898,-0.705280350171307,-1.2073642777618,-0.211308733046375,0.153177733232873,0.548599654783553,0.887570331593686,0.274797564471824,-0.0178080999696798,-2.94914607506913,-0.466700542963125,0.940768744486068
-8.25146434175677,-0.923394787725424,-1.85487344073141,-0.205323349437989,0.157519815635499,0.529481145949119,0.370099461730078,0.395414412251567,-0.0233096595209288,-2.850732553978,-0.25277184122366,0.878615249425107
-10.9387664427552,-0.349634082129511,-1.67010036849912,-0.167996767348542,0.326619799492567,0.594079857923891,0.504524700124315,0.350458319684908,-0.0905419175772652,-2.27118029900368,-0.494886911819349,0.718407191546626
-7.68710476746687,-0.524885057753018,-1.74090380192135,-0.191019368752491,0.139967734903939,0.464988236418543,1.10960762740462,0.228463302501476,-0.00157244729323707,-0.601161392892423,-0.314591137193273,0.831549805187284
-6.88957624891974,-1.00246804298831,-1.28517580843724,-0.218010475710049,0.187471263059454,0.521120603825628,0.518993812310096,0.294985719930634,-0.107486775591977,-3.36854558249509,-0.890118556779192,0.876140232218846
-10.8104753660383,-0.283753273264687,-1.73144437089538,-0.216566488143886,0.279861570814688,0.563874426751324,0.284244343570283,0.27387555237647,-0.0458481964549683,-3.57381656782706,-0.735563918599564,0.915779346292024
-11.3529884863084,-0.233937343271055,-1.60980857076359,-0.205507217526551,0.253987785211633,0.593333280641257,0.23578257725955,0.167461943827514,-0.217390464141131,-2.90785557598748,-0.792434930941374,0.977839286955539
0.347843863992471,-0.26418816806195,-2.13500622931798,-0.271551250963675,0.201803745643503,0.405246833576382,0.413444340070314,0.316219290203637,-0.099055476030958,-4.3563288522793,-1.04264712753963,1.02205054673833
-12.1147442187542,-0.625359085777127,-1.58592419113262,-0.220218549663327,0.177669286699741,0.558088922199671,0.267209822755833,0.0348455175564109,-0.0987587161517935,-2.93994898210383,-0.619671577193985,0.947751262471544
-5.45548036769117,-0.496523682833425,-1.67925078819308,-0.20875718272087,0.192397359705225,0.509282761545359,0.612476422562427,0.224320751385907,-0.150717969894329,-4.24202181902182,-1.03148842286089,0.894506882493027
-10.931485216475,-0.35430564369297,-1.57571322313678,-0.210567756301509,0.128644390330322,0.553298654194285,-0.121282440501225,0.103919518415582,0.0417986112998716,-2.99070918705608,-0.763174234302868,0.948177963732796
-10.7985506807387,-0.271002930501727,-1.39506515131407,-0.211290842803001,0.136051581529457,0.527452685924456,0.248618986550147,0.396106560319978,-0.0308065615716915,-0.164137503804867,-0.375888665771316,0.890883523760662
-10.2429407884029,-1.25319074808664,-1.20072935793672,-0.213009593443471,0.229224693443688,0.586387580308548,-0.298763861307028,0.0168195552925192,-0.0090508377136823,-0.853584073175169,-0.494565656825123,0.904371221966116
-11.6458157840754,-0.490997094101184,-2.03118164813195,-0.227625166542667,0.138439091830307,0.577231135743152,0.123611389428883,0.100357734327052,-0.0415261417208118,-1.13773726614817,-0.180760947300988,0.927736854739132
-10.0140062772826,-0.0623824986906673,-0.911174710311768,-0.150206160723237,0.214318393101189,0.601154854073065,1.13205964763372,0.0222926368760848,-0.134498919822668,-1.68939780161042,-0.00284968747121248,0.878075246101087
-10.8615666146329,-0.073606273402849,-1.03261467777011,-0.209956830219449,0.257639296780864,0.599637426080287,0.489020774740374,0.0469251638258949,-0.154373871637493,-3.27240266084,-0.317031296219976,0.856093905768162
-11.1664513651677,-0.397002373427536,-1.35669805051682,-0.215222067486452,0.0895153900468681,0.535195700992232,0.777662481019679,0.154218329852351,0.013903917542971,-3.03148101803613,-0.589276412265984,0.921531798053805
-11.1137538915421,-0.310197176784261,-1.0010837659115,-0.196640157884991,0.181122991187979,0.543884329659871,1.46403852561881,0.0397726245515672,-0.0342963436678588,-1.31684509114338,0.00171612509796314,0.79605166453503
-8.28596881077878,-0.84549987730686,-1.57323039348695,-0.226553995155084,0.209659370452561,0.553242078975466,-0.133550060886757,0.170590839218221,-0.185820691871719,-2.96987122353084,-0.529822948137534,0.920261478551715
-10.1246020101386,-0.0295202508442174,-1.84444301308235,-0.197041642511578,0.163168708906522,0.568756006670137,0.135591915651388,0.0204985969408882,-0.177145113205852,-2.07332786732443,-0.534290225799296,0.88515275433733
-11.3617857071508,-0.47698149561327,-1.5410032200555,-0.210029332130876,0.246694989866691,0.561556453810762,0.0972239988028592,0.259288153229573,-0.0714075378258621,-2.90410145872596,-0.286114636799425,0.921306117899098
-12.4318129604191,-0.657797690736207,-1.88969959044191,-0.196748827823396,0.202226076261547,0.569875779849035,-0.0251291593757926,0.1597100580239,-0.0210616478258852,-2.27233263750713,-0.179357499661426,0.905897897741901
-11.2687064536535,-0.342184447138919,-1.67098476174919,-0.191421213969879,0.228562752425262,0.578326013939681,0.352292561846344,0.274818395901749,-0.147358478425791,-3.77614528629337,-0.400681033351155,0.853926580078369
-7.94640754765066,-0.604501958624981,-0.893476168645808,-0.211151187524201,0.26525989946925,0.60678209090894,0.277194557542284,0.311428322853648,-0.107000225447689,-2.62456088222185,-0.28007733346316,1.01309635242094
-12.6670431761249,-0.657481326884678,-1.67402452629012,-0.232230843057911,0.115197453614599,0.532097446533526,0.113176493836605,0.0453760572423748,-0.118611399140319,-2.71387084450454,-0.531055890668477,0.932649166075321
-6.08814120623989,-0.863223765090863,-1.53190267543976,-0.233094771039184,0.154948784828935,0.575159734077718,0.515345111334748,0.128625030649587,-0.0722124871697818,-4.04367936514548,-0.675501640487756,0.822172942806426
-12.535307470182,-0.480275309771829,-0.819546863350744,-0.197865774186417,0.156608280295999,0.516168465874019,0.820921320844093,0.532946977012725,-0.0346940488779683,-3.07043776598394,-0.358403830497341,0.90763217218521
-10.568779954129,-0.351195275807449,-0.50953151266598,-0.186654137118232,0.225701110808433,0.595064189401292,0.228910302320588,0.410883410334689,-0.191421483559981,-2.01778969110454,-0.19882906886387,0.971525661689899
-11.7507696823157,-0.409690987387207,-1.68642940175597,-0.208235386616253,0.171612218806953,0.537978013910998,-0.15345188288738,-0.00651845823128145,-0.167449998102592,-3.53861636412012,-0.541079266485633,0.838440445528512
-13.2590187673921,-0.669865777170255,-1.18007088615624,-0.214307802831777,0.144050410598705,0.559951917268132,0.374718159963676,0.0695530546891475,-0.0917918747182331,-3.41598011884475,-0.604421675554898,0.870867473153268
-12.35885940801,-0.632930656924365,-0.828804820300524,-0.164466491976404,0.208895615176308,0.582530690416981,0.981107039710506,0.0257447582157419,-0.11578252020203,-2.66599945582246,-0.57100787864802,0.839817638625032
-7.36386293730562,-0.71926919589219,-0.788872043712251,-0.188988461720159,0.248349923733877,0.582134518085073,0.741718516414588,0.149744400252704,-0.105972569289294,-3.61250295777787,-0.824006574121382,0.952768436345492
-4.93878190361468,-0.960468154746561,-1.08212484476906,-0.192684254105022,0.232666201540798,0.568534391063166,0.951987347218104,0.250184061071211,-0.114561731001064,-2.19580882349848,-0.426858787631799,0.977140039123484
-0.504424092722029,-0.903755329375374,-1.30013128654023,-0.215207551650518,0.198861961056819,0.573464831805926,0.429225188711613,0.194447345488411,-0.104431728580917,-2.18799823428755,-0.375610598799307,0.891383768205259
-13.9575388225855,-0.87364143327123,-1.5347101591017,-0.220474689995732,0.22429686027186,0.555643510554542,0.302844586119877,0.227998182772589,-0.101752550686396,-1.79138761636039,-0.545626401769842,0.834866613407228
-12.9128754156604,-0.628256429235748,-1.40067334085177,-0.207182884167753,0.197409685857424,0.539276205175346,0.548848899448868,0.0978982034236436,-0.140150922437708,-3.01521325029252,-0.411463429713171,0.91758065013862
-10.9772845693723,-0.378675131544905,-1.48860169743014,-0.22116237896337,0.16927674332066,0.558195075300285,0.642778500787575,0.22071333906638,-0.0674951228068244,-4.14423044593796,-0.656651830795661,0.841730960487941
-12.5246565685593,-0.552394509531232,-1.63274522179229,-0.207927923609644,0.24001914270519,0.567227904081687,0.421886935332043,0.200663073285984,-0.0578519785176561,-1.05290236255396,-0.0805099250456059,0.91511387415524
-7.92004764061986,-0.725659642444101,-1.92819945845729,-0.230627556227406,0.201804517762526,0.545976206600415,0.783641684266829,0.129552243469486,-0.0516540694016506,-0.737733863305866,-0.605766829827679,0.75064975701313
-2.08207628506986,-0.357218111547174,-1.70062452061878,-0.232956466770361,0.0683858873432425,0.542350762060278,0.963933181324902,0.58844612280754,-0.205073606588078,-2.83829904936838,-0.336912132446223,1.07322576614668
-8.84151260685829,-0.906845096837554,-1.3916392340753,-0.254147981513309,0.158578937017548,0.544838990563195,0.923978289359212,0.0457396427662764,-0.237553885236724,-0.669896474633117,-0.39757964738693,0.905163866440796
-14.9818391648671,-0.877254009043809,-0.827197212089299,-0.196180604925022,0.26446740244962,0.59118007412843,0.767277308173966,0.125988236542087,-0.00474838057247943,-1.23056347586558,-0.334653417556143,0.804581997151211
1.53977965270918,-0.0552388477192562,-1.26649870573876,-0.273179983571201,0.286911942215965,0.564991598434734,-0.433195849892375,0.464833414997951,-0.0548756388066305,-3.28605724004634,-0.74354515571292,0.87855825104893
-13.2309066449421,-0.644595755992757,-1.17111583674584,-0.188136208146024,0.210929120159498,0.575739631810845,0.594537942078406,0.219175207047355,-0.146195499360206,-2.17912680952069,-0.14244295718708,1.0152924792179
-13.7524169557104,-0.841207249746969,-1.63642806148817,-0.218229002781166,0.205135966634039,0.528365276936741,0.554301007041142,0.22545480443481,-0.062555970734481,-2.32848451528562,-0.125740862715776,0.971366594705044
-9.5851383626319,-1.04123253676204,-0.651720183441372,-0.228000385016647,0.205572689672667,0.583431775327508,0.766725944175707,0.399645116476436,-0.00285405036599772,-2.19726089393924,-0.396466531142465,0.95219902343633
-2.27759798673931,-0.387872100462645,-1.44662341837527,-0.239859140252598,0.253272040026389,0.57356410969076,0.365960511697618,0.264593814568372,-0.107690535800607,-3.98620859427894,-0.936907851639473,0.859142054791462
-7.63236391600766,-0.595238230378478,-1.29933656487344,-0.213710170524182,0.155373573273145,0.547823136672915,0.294720438496723,0.308092896856234,-0.00109412989897072,-2.82173770021409,-0.989311639301243,0.965172823617846
-6.44195777513012,-0.735221344127345,-0.8735531308866,-0.209548295394366,0.224600300143166,0.554423212417163,-0.0484572040031427,0.0318734476189009,-0.119865567897836,-3.06971220945374,-1.0726843748855,1.10630031154206
-12.5717107933361,-0.704509303970008,-0.888831964111334,-0.210299717210412,0.154329605107535,0.537314860222229,0.256000718110499,0.288850029048407,-0.0691992359676897,-2.94766426150114,-0.564663693953151,0.940988168022855
-12.5725964015786,-0.593055772289509,-1.03757611099321,-0.215771855890954,0.124033576134611,0.531516635207765,0.577377977380204,0.219910734891176,-0.0621777030459645,-1.74269311055731,-0.683117313642078,0.986931088259176
-13.7657506098513,-0.875765390831779,-0.735142262212601,-0.190363380889809,0.184051113915347,0.534343818418514,0.186319103157962,0.0295505918953459,-0.154781040670265,-0.969227799121412,-0.308580983137127,0.979345729521703
-10.9063381555623,-0.184659502531744,-1.42745970022318,-0.211673153524592,0.161200223418233,0.559265928589688,1.62105752085159,0.286156261769097,-0.0689497799013233,-0.0014919638449959,-0.247159046278428,0.969954981080557
-11.945869133155,-0.433966357860855,-1.12345033279009,-0.230841841926979,0.14621298448964,0.546443899972546,0.766626242568323,0.261974513353259,-0.0979419524075074,-3.55455035251639,-0.670285661541378,0.918772567062422
-13.8454076031162,-0.827781691536246,-1.41238862521079,-0.220669411553247,0.182820877379561,0.571555997882464,0.434847752606945,0.271933696313189,-0.0916529777851268,-2.67695083701659,-0.44612330402927,0.879762243536056
-11.8742950335456,-1.08806526021456,-1.10624600068779,-0.190446882810008,0.162754492198478,0.558780703444551,0.119210480787854,0.254597887427867,-0.0750993049563904,-2.24739945242765,-0.595631321354473,0.856968689575864
-12.7131770314845,-0.603460811991395,-1.45047446563841,-0.203158067944233,0.268882099958085,0.594483632720146,0.486307411128053,0.232097408473167,-0.0226247710114535,0.077672719927781,-0.502089465180542,0.872032657459825
-10.0518919091744,-0.113411300434601,-1.25840588175368,-0.183958305014221,0.247785799205613,0.578940587515988,1.33785446812499,0.167146398316,-0.141735097611325,-0.593889798008572,-0.488253390605346,0.986510345346606
-9.40650657934552,-0.989926349014054,-0.916666113315515,-0.196357524328523,0.224896932897964,0.556154317491429,0.697060395407606,0.13065825020951,0.00579963339141793,-1.46287085012357,-0.50967225364978,0.954282553741081
-0.882890882879137,-0.903624188727942,-1.35222020488299,-0.206780878773396,0.204748738090332,0.560914700099277,0.500195964782239,0.187442497627972,-0.0746512853799375,-2.43512523807746,-0.459126727273966,0.948595068360038
-5.97899486028305,-0.43400094041697,-1.13380288516661,-0.234050935210075,0.176740044606034,0.596929527087685,1.70967198366196,0.297909441793133,-0.0902121763849743,-2.36684634169563,-0.790367576058932,0.915084591961387
-13.230687630385,-0.713270916701164,-1.84383353590038,-0.215774669614053,0.145763769204043,0.547222719849039,0.505981000083889,0.161970604455159,-0.0944268515185362,-2.32638214165442,-0.394456904287218,0.913244089493447
-11.0512348665145,-0.246891189465606,-2.09110647195565,-0.217088781701239,0.20975198068498,0.518317036619112,0.74488272381517,0.0837558476288015,-0.146022744333504,-2.79531223081903,-0.296277420905765,0.928781829329804
-7.7876511302854,-0.56293928326953,-1.70582491593913,-0.196791512579764,0.197414724699614,0.591603879935286,0.661766817936129,0.167823068648689,-0.0318920519501863,-4.13951982728844,-0.600152394707668,0.84335642842869
-12.4450839768438,-0.592572630038865,-1.51454083622152,-0.219745080107284,0.222945507615175,0.550950797995534,0.442860817337667,0.282794622531964,-0.139469631923188,-2.86001772800572,-0.485157187942275,0.967224169460372
-14.7927933697019,-0.983213257145286,-1.2334526165483,-0.217723449264849,0.167787623555884,0.516850998723199,0.249833981777352,0.162044129045298,-0.00141830462655373,-1.5674990819984,-0.739571865664871,0.84033272544095
-10.7019380813961,-0.328833404931124,-1.996491550728,-0.241046929606694,0.175373772463419,0.560400203225716,0.220350621938169,0.305075966561995,-0.158710890308813,-2.24437557732324,-0.354484492168472,0.929073687456903
-7.73945660223251,-0.631422840356718,-1.73108780420589,-0.228932701924369,0.202051320321603,0.537204034250155,0.0812376443677462,0.0995921369485152,-0.137403345292175,-2.72398498210847,-0.425320310475923,0.963323198317494
-3.00139055700827,0.00907624359668255,-0.344052758386693,-0.121151663430739,-0.0480417500034817,0.647750124823905,0.371079218215308,-0.508285101558681,-0.0744006148957454,1.00946621219574,0.0512724341627792,0.856613821281983
-10.3343962897425,-0.225015853356864,-1.23504836314315,-0.226778305490858,0.157092957838126,0.571508587276513,-0.395653377647557,0.23350115754992,-0.132024352840202,-1.19408195888619,0.119921620589481,0.851417603412749
-12.9960620699033,-0.749178685535848,-1.11213664040695,-0.195269009112857,0.203385397729283,0.572495998123345,1.15919545548334,0.360527672025819,-0.030106546021648,-0.808948384170714,-0.325827796826874,0.911292517721126
-12.2267305769477,-0.705625918841712,-0.00637720173554009,-0.210876904869488,0.158588414361315,0.578622675017343,0.732206902275595,0.039900326453205,-0.267306000024158,-3.49260941685111,0.0470576887728979,0.929837109190051
-10.635516141883,-0.0750946078687155,-1.21032795763961,-0.200820059489754,0.17154465974247,0.577712229659917,1.12210745435199,0.0891291541235928,0.0565749049903332,-1.89453888817823,-0.434086341512767,0.873249142042489
-9.89624881396383,-1.0151499100614,-1.14759765262748,-0.233689445974752,0.194015664600796,0.572462525453225,0.322418805409708,0.258370483102398,-0.0930480742028278,-2.46658452315138,-0.301747234170781,0.970296977236062
-11.9709545033356,-0.230116461137426,-0.614706167316416,-0.254543942252519,0.108468593048649,0.585161238056292,0.214958370721585,0.414938891571619,-0.00064184227574671,-1.94795894761307,-0.502824726557587,0.931269236649394
-10.9095036595397,-0.357517748946682,-0.728135975528254,-0.217165900902222,0.208446831753809,0.582919909480959,1.21793544708746,0.420469754540731,-0.0430115745879038,-2.52248469030706,-0.142456494516731,0.991437449920793
-5.50912661434261,-0.381935277045217,-1.31137234291142,-0.217575254247559,0.230368629920809,0.518995129586251,0.820941085004174,0.323528928628375,-0.0623473259741418,-2.33943479753867,0.0156093631893724,0.825335073410782
-10.563953509507,-0.181472491181773,-1.43579975310484,-0.201033833882125,0.197645083347806,0.579294111521233,0.847297803984797,0.308238036728504,-0.00648536051137233,-3.36648518927019,-0.989145068411127,0.908783052556408
-11.5082889243308,-0.46917060864503,-2.21664828159161,-0.241596532603388,0.103945777093375,0.554767457361397,-0.0732632049160825,0.104737742510697,-0.15387022791677,-1.31745523893834,-0.472691490429808,0.856762181054611
-9.13950905937462,-0.772906412811003,-0.942484656981973,-0.205846511401771,0.318686763777854,0.572191184301063,0.6809455749357,0.169738604737484,-0.10532333455775,-2.57033198355674,-0.286728051067505,0.885879166625794
-9.48047240804031,-0.10969618979562,0.074820976236874,-0.150984361154235,0.358828199348262,0.556864300566223,0.171653116772985,0.269867590866459,0.130935483935143,-1.59143852549861,-0.231917112568855,1.01362360348719
-4.12993500681577,-0.390725322040822,-1.18552211387373,-0.201645433329103,0.215596094932766,0.616406619592876,1.37605923246102,0.157427910223778,-0.037512755698524,-2.92452668281924,-0.351057415958057,0.855510401321602
-9.1853600887745,-1.02912011877356,-1.13742724582882,-0.207297304482624,0.232031826881102,0.599782636494148,0.505829938552605,0.0342820681466899,-0.0346402708138856,-2.09124442242266,-0.452736659769066,0.96827664564904
-9.55113810098067,-0.896587418160964,-1.49970600363912,-0.199861124194677,0.269116840704265,0.530215157725669,0.985377459310529,0.435632737170912,-0.0484660420993597,-2.40875087371883,-0.454746405967554,0.839564169740892
-15.1371008135581,-0.915943476408397,-1.3288981323932,-0.224515737797283,0.177841990053211,0.532572578063095,-0.186929785710183,-0.00597357548460327,-0.0604062299229086,-0.886174032311721,-0.784636887562823,0.866112233924095
-14.0870826105549,-0.880559772660576,-1.06458774755028,-0.185964124853182,0.218983078115318,0.545908225627844,0.641628305196804,0.0969225610550595,-0.110933904274416,-0.46251438012227,-0.381034358619828,0.896660620566383
-7.62367077696531,-0.773204225961293,-0.919242745829074,-0.221995839950621,0.151719315020315,0.522465237059316,0.751851021845118,0.190605884777295,-0.0857726344394489,-3.1290817390588,-0.120467490152191,1.04738650356801
-12.7114907629612,-0.598906386165473,-1.91533048083623,-0.228037476060668,0.122178799099514,0.53217164422216,0.745201241043666,0.218344947682588,-0.107482586054204,-0.800242939069607,-0.14864933603628,0.907840973715425
-11.114968103547,-0.334400220126514,-2.42655083006352,-0.238298268015474,0.163453511083251,0.555809388066703,0.41669519339151,0.294779564804996,-0.0545949827314526,-1.70212624355065,-0.472210477752658,0.925080140667919
-12.6202535650772,-0.275063050778335,-1.37047775404171,-0.256690610946059,0.142003282148143,0.594683285858929,0.884467082596692,0.512624160887268,-0.0274534241823256,-1.56893822201201,-1.22334217574952,0.817125716910227
-9.67696501347344,-0.0757577499174572,-1.39035484948158,-0.221886800310598,0.206324593784197,0.566937164992713,0.77971122710821,0.22931551438238,-0.0599979158630631,-3.41269921714716,-0.811786814070597,0.875724264986328
-2.64332860637018,-0.313420645433978,-2.14706543990824,-0.240989320764303,0.0385085814668405,0.588901986025295,0.535387804596307,0.302571105113158,0.0428258287104895,-3.37592888760803,-0.936551380943682,0.884489358569131
-11.7500408748456,-0.316670475806662,-0.941474706758548,-0.201218595033286,0.201011919275211,0.581081957211772,0.804561914423696,0.0885144698416584,-0.0796672447445892,-3.5345791979789,-0.883932858684274,0.930277120396239
-8.92682393710882,-1.00315925859414,-1.44688551585176,-0.18108868853653,0.148411575689875,0.550682238719346,0.414113779843596,0.261907489252149,-0.0971680751899191,-1.86476372394817,-0.409885832608925,0.912371389177816
-13.016050102171,-0.710731125569983,-1.10619566555049,-0.19734621622801,0.207205735711752,0.552398147684291,0.820752436362319,0.330193161510796,-0.0589941824709852,-3.05439503983865,-0.399823946450429,0.925467530458228
-7.57130374570322,-1.02937271860586,-0.876061138142152,-0.22570740180538,0.237390410777059,0.551598749302671,0.454465201774776,0.288142267970954,-0.0548618606246626,-1.88859047340425,-0.49051079980054,0.830348455638708
-11.2899261337245,-0.312184466506636,-1.35105716308589,-0.206407447845108,0.18411499300584,0.545280714021574,0.380478985559903,0.143475832590741,-0.0566100187199497,-3.80972782413523,-0.921515323999219,0.942070818031841
-10.9010568477459,-0.330717684420759,-0.877448211812591,-0.228768975323239,0.157270438826262,0.556350194561599,0.605733420132781,0.261837870424686,-0.0272004630814926,-4.01646347026956,-0.837399839924543,0.84523166122619
-8.00533347922639,-0.751721203737461,-1.099469340423,-0.200730804214213,0.182935348500294,0.600360565287408,0.496178788946049,0.130317061750324,-0.0818681056777765,-3.09440462583294,-0.386061940961779,1.03166658935765
-12.389504337808,-0.51896826194549,-1.88139254601842,-0.222220364661578,0.170647104796717,0.560270362343801,0.716205704933138,0.395452022987407,-0.073898874340565,-2.71708312723126,-0.732186107532273,0.878041833106637
-11.3485996367795,-0.395391176386349,-0.788223498134531,-0.203769545564514,0.232886911016132,0.565466148609829,0.105098139962399,0.555778146649846,-0.131407437653775,-2.39847312425144,-0.423052588009095,0.815903089130919
-5.96791560281696,-0.680517832306127,-1.15631879891081,-0.221631705384487,0.175383951769338,0.536092153302769,1.3096311143056,0.408899653329735,-0.0568275717124349,-2.95997996575962,-0.554649512145206,0.946745454996406
-1.63321305327637,-0.609474897417793,-1.75710720952037,-0.18246794956097,0.253462123616843,0.557504235475146,0.923173881973764,0.0997029904414109,-0.112745858290847,-4.03228580137391,-0.92416532729573,0.778315279582671
-10.6320840807146,-0.0771197409969136,-1.03862933023832,-0.205843634996703,0.141783539087021,0.593332143030779,-0.300526454201536,0.140705049262562,-0.11278977740673,-3.97091183067552,-1.05850943601272,0.886115665510105
-12.4502623193033,-0.647362539871732,-1.9285787947101,-0.20196614916055,0.210266228246591,0.554919662346874,1.07465230075059,0.0710366055382248,-0.0355718504653979,0.0652910108133328,-0.424454500766581,0.844815791095595
-10.7597672678944,-0.367450293109405,-1.47039525769209,-0.204955024811845,0.1906405653835,0.55827145680245,0.498794351171864,0.292283786707441,-0.13353349294054,-3.82034562629863,-0.839527880195101,0.85531051466684
-0.861136761000575,-0.9112528013752,-1.30675365980518,-0.213191941801082,0.176269478596956,0.56266499173825,0.461858806150935,0.129506866776873,-0.0951759869351737,-2.11885432528513,-0.452113154213318,0.910863645520789
-10.7056887172281,-0.248651613466083,-1.16431022705267,-0.218232607869314,0.151098457662708,0.547115397365685,0.352539977248403,0.0951752456031993,-0.142559210079901,-4.57169597924868,-0.841274100672101,0.839393525023666
-9.11430803584012,-0.937607189734038,-1.69871705173193,-0.205212150605373,0.205348382001052,0.544098742634365,0.878894923069313,0.253114183541557,-0.0362989210558683,-1.58841162443929,-0.525719919757313,0.900824773223413
-12.4969678094789,-0.684755056714422,-1.86582229138826,-0.207534917025834,0.156881702920517,0.551013723982762,0.269135983650944,0.118859319087019,-0.0575657207394689,-2.74637296000779,-0.430857828356437,0.909095758690778
-1.95029728928669,-0.137603358163715,-0.993746625971734,-0.201979322408017,0.0459672698109845,0.539462776271389,0.668557317379489,0.0496160323467212,-0.0386669012994651,-3.96390540584769,-0.960356491754312,0.882263087909462
-9.77439841321435,-0.168906687590188,-1.95374004503765,-0.22145834479457,0.233894783434566,0.526547918637051,0.717979630362947,0.24750527615369,-0.119641663749665,-2.09361764539139,-0.753489696150544,0.953039968265596
-4.45537407369829,-0.252518939473144,-0.263746147968942,-0.186700155463834,-0.0386681235440868,0.4644782565847,-1.01270171815255,0.195481963931747,-0.317217286268014,-0.545371720680425,0.359839588882354,0.962080286358254
-11.5904860230774,-0.456934114282236,-1.77977675700737,-0.206784909553309,0.146286301285898,0.551778852258246,0.482902627952417,0.0825959556475723,-0.101447066522738,-3.06918685874083,-0.334095213353421,1.01927278581646
-5.47595917564565,-0.751484031063125,-2.17329994453389,-0.239374268982848,0.137175490023854,0.55877115346175,0.905388534315145,0.206087509751885,0.0165052936630439,-0.520684526276056,-0.146035780152334,0.707289720791189
-6.61757927517568,-0.722519298068036,-2.4123612727032,-0.236715788661765,0.174186516519744,0.509252078866855,0.249773904627175,-0.156576329840214,-0.065068643151195,-0.865111028636959,0.126686571207037,0.818311004852551
-9.14666429623127,-1.13741549145492,-1.17817507110021,-0.215341977569428,0.250882427006496,0.556973155577735,0.257321693735828,0.110664350850323,-0.139243407835799,-0.838302007439608,-0.292364169506379,0.93505329120544
-6.97032852510516,-0.906850395004093,-1.2448011955799,-0.168290779898423,0.294068642991951,0.592507074254432,1.06469968171174,0.493979920208809,-0.00156905804647115,-2.02673367609644,-0.183894976380596,0.818591467439022
-13.1642089040697,-0.64490945614648,-0.864656344073893,-0.201352215872972,0.225774424063954,0.530139879208349,1.40237743727161,0.247106860199262,-0.117393343124361,-2.56622626624385,-0.493743413680673,0.79449885435194
-11.4528078779297,-0.287050198069403,-1.19902198705877,-0.212755688697328,0.198368842414652,0.591277458607861,0.624614182176946,0.247788720139491,-0.0321267294528199,-4.27486536735932,-0.690043463956159,0.780356071898431
-12.9538684985706,-0.553811079837314,-1.45390434846397,-0.230278917369905,0.125160700054652,0.554101917880169,0.266457516735912,0.348921032904434,-0.0736774287140708,-1.65304387345304,-0.537416573923082,0.969120231945392
-11.7130126427805,-0.506961793551196,-1.63048048802884,-0.198099688975001,0.160598972292775,0.56995980508735,1.11420862204974,0.246491558729728,-0.00496918123180447,-1.61116210227363,0.0105655763256137,0.939032733238288
-13.2438207658175,-0.656316846450284,-1.68430732056531,-0.185138532119952,0.0810265050014129,0.551270495076692,-0.200088009998163,0.133509644984237,-0.0648538226731582,-1.94661236046429,-0.00656822642269704,0.957330655387993
-7.15399841110397,-0.648156096214254,-0.828819569419551,-0.204332001572702,0.146061137798791,0.583254972905387,0.511871848939246,-0.10459803389749,-0.20381408356412,-3.40445331161228,-0.506629190358149,0.872937221718255
-11.7742705139449,-0.469740399483024,-1.46563858698283,-0.208988459821764,0.220183159945349,0.559645364194883,0.135143761700502,0.100053360357698,-0.0211713060123041,-2.9670028433059,-0.471783101568558,0.992514862443452
-12.8895952711607,-0.718359466273795,-1.2131918077019,-0.193708213515394,0.175255489905072,0.548683497390348,0.23422437861971,-0.0250081193598072,-0.107234368918018,-2.60488368548708,-0.479569216827553,0.94572381298192
-7.87520453636956,-0.861520699931167,-1.34738083992261,-0.210559523159401,0.221622693213603,0.553273103577638,0.645379995744712,0.195306429399107,-0.121139455154939,-2.39405868852916,-0.492879570608459,1.0559164938779
-13.1733586277678,-0.751962602683479,-1.48941798260074,-0.213902059277623,0.165375493739168,0.57384081126864,1.25115341757744,0.264464142878039,-0.0680272702470679,-2.59798867077898,-0.122622312236505,0.816596122438438
-10.8651741684934,-0.409033595584189,-1.80124201154341,-0.232338553995708,0.182383440513034,0.524646344009296,0.715500489445366,0.0914554444095638,-0.0886993868649408,-3.11023515713134,-0.404090002382769,0.881454313124025
-11.0721998408713,-0.336255564400959,-1.62269502177388,-0.217612079435106,0.142222876747074,0.556045968998775,0.457307216181268,0.043006698104939,0.0223469366019847,-0.976021617235713,-0.154226767921772,0.966987214929492
-9.17441241576601,-0.0190569015279961,-1.50909310884702,-0.250857148020422,0.178396936082257,0.570326960010297,0.0471586946812105,-0.179103708260524,-0.347003019007576,-2.29319428042782,-0.733416718468807,0.747262621891281
-6.47742978640627,-0.510215477761421,-1.4396026753652,-0.229487243378286,0.24566281949676,0.581852801350803,0.477053755667213,0.209913101126081,-0.150662312190323,-3.70279538872598,-0.853140397433994,0.911149961110185
-10.9778948915924,-0.230089422182306,-1.3735668950948,-0.211287173959419,0.131063290821134,0.539249258944186,0.628417432590128,0.167494706893831,-0.102871884576667,-2.31461298878318,-0.18227958539603,1.02194248638625
-14.3442379465324,-0.888770031815923,-1.14413994082192,-0.203945950195304,0.114274505562757,0.548400876469846,0.548866095597478,0.165448594797403,-0.0970454692103897,-2.22838334799494,-0.513870922049109,0.948815935843703
-10.4572256077008,-0.297356309692537,-1.30632273985928,-0.223034975425096,0.196707912662321,0.587544110598497,0.483747064707497,0.120655586221215,-0.0850051640890984,-2.75698405440527,-0.737774449018238,0.983688093228791
-12.7155629402511,-0.681867673486133,-1.59774146538211,-0.218922981152749,0.126184945800186,0.557252485211103,0.410025629722473,0.316833776779175,-0.0926645804597249,-3.22411563643185,-0.788157640610123,0.863612654354796
-10.9908197511953,-0.403562661109992,-1.02166257856185,-0.19568045014176,0.20010278888274,0.575260893347604,0.909818827001816,0.232514834544464,-0.0397862452183057,-2.99876639908964,-0.75621021156809,0.997248564026741
-10.9911584201189,-0.277016261215941,-2.16269531667109,-0.240213710029251,0.125131238119217,0.565940353140528,-0.0792526111378664,0.308095799828032,-0.0243985719701134,-0.666874506724731,0.0443180390361133,0.786934728703605
-13.5956689908305,-0.864100992479289,-1.10483150667521,-0.166479407360442,0.277125270228985,0.548899851799072,0.817146263146499,0.491213007483925,-0.0625224735993462,-1.01997468839497,-0.230486027216986,0.846838239562842
-3.00734900086368,-0.363775432419431,-1.14725522202687,-0.213793023103873,0.219724288108918,0.562807083852879,0.883802966968962,0.220946161958715,0.0432674013568424,-3.65160393082505,-0.763712369844443,0.857681555315579
-12.928835406799,-0.843178987863999,-1.70838103010347,-0.237502135064749,0.15333610854136,0.586870449858388,0.373063163874194,0.423626667983558,-0.0566275197083508,-0.854936918083611,-0.327984385987909,0.853087020726829
-11.217509502428,-1.02705410740853,-0.803318063732178,-0.190618914800427,0.224961717002074,0.591746960520334,0.853098415365275,0.179733223993552,-0.0374570379343689,-2.58656139803472,-0.299711149724477,0.934590316427245
-10.039608102628,-0.962476863047044,-0.742442965506951,-0.201709465732998,0.199711499116138,0.581137172535055,0.752601611822946,0.204178606645467,-0.119346004800802,-3.2465417374828,-0.401564381843416,0.900975733439685
-12.7319966105672,-0.589524053161483,-1.37110192840961,-0.207948775418709,0.131047757119708,0.55900730933363,0.872932304147932,0.271628798569049,-0.066128438649578,-3.25900699050617,-0.717132585658833,0.856456802227254
-8.35415828192763,-0.709817446646549,-1.05159122157356,-0.223244312626262,0.196081340979447,0.566464385106446,1.07558813298469,0.145125974862475,-0.0975786531409495,-3.21687803509296,-0.612133748186013,0.896386473490167
-12.0030439659141,-0.589192499527588,-0.833663808856121,-0.185473711368895,0.235892458077765,0.556729457498414,1.32198390602681,0.267046276887716,0.0195819275873455,-1.60010493563851,-0.0852659812577653,0.82434742560788
-11.1607197208177,-0.203388846707966,-0.781576823023866,-0.206452236834343,0.170204294030815,0.556610342255035,0.71387819000237,0.243401093021049,-0.0344879055967364,-4.50097644594865,-1.05656694075425,0.847338820245809
-11.0367869995931,-0.204502358741347,-1.36081591866184,-0.187987265652429,0.217435228949455,0.555079104566443,1.63299871560564,0.366006026297583,-0.212564855181365,-2.01568605693833,0.574262225680364,0.871475630796723
-8.76327720294757,-0.902604573005545,-0.970072990869703,-0.214822669018665,0.154480462705498,0.586019552402366,0.81099555385232,0.356990568474118,-0.0740608639569011,-2.92963318365952,-0.426516822762888,0.973131528303579
-7.77694200124218,-1.0892555620911,-1.19990215566045,-0.187689276808238,0.288090371408879,0.595521836493476,0.148183874983519,0.324769196341948,-0.0639391389817929,-2.44106641550224,0.155417011185915,0.931922389677091
-7.59360827489971,-0.876359815538534,-1.2222182965549,-0.190626449854189,0.216103354011971,0.546229379798877,0.330210243956956,0.255474887463535,-0.061706960557369,-2.90545942004543,-0.480148282540464,0.950264211643903
-5.17827913779646,-0.308713784993301,-1.35733347667896,-0.213298683994105,0.278950320338355,0.59159007309974,0.521755174522775,0.20206865113716,-0.0361632019206245,-4.23189595494911,-0.970709695527769,0.882088029650647
-10.1816155085452,-0.240499920631238,-0.9887901691741,-0.217690025578621,0.191058753622674,0.566615714153186,0.467353633470838,0.0126455430533411,-0.114477846682545,-4.21830608976984,-0.889382693873978,0.820173020539619
-9.54878002400208,-0.898831794030882,-1.48518573258761,-0.197281663164298,0.186021435982889,0.548488736837971,-0.0927374160532392,0.0136894996693411,-0.147854388969676,-2.76578543265504,-0.59934791626595,0.923723180216681
-5.33098713727865,-1.00299574569473,-1.05548712037012,-0.230221831928485,0.264010508382109,0.545744567099241,0.227318770557654,0.103394697926383,-0.0963360340133679,-2.77523604190152,-0.614842574885721,0.953217159517467
-11.3045159750463,-0.458674657217469,-1.03079143852057,-0.209626790617258,0.276271028363092,0.554045848331323,0.798334218217384,0.131576293945939,-0.111864554125482,-3.44627490984337,-0.947040340457368,0.922026805406541
-8.20856958512485,-0.653021419573084,-1.83915917652818,-0.214492032512781,0.0922787411071169,0.538599196893368,0.977917769393596,0.401489444409172,-0.122450642506816,-1.19996884269814,-0.400470381470539,0.967309782819155
-11.2537100944849,-0.397750025418669,-1.35678995187519,-0.199365979777467,0.185109127934091,0.58455142310288,-0.315693646291304,0.00876181914110645,-0.201846447975644,-2.63748951624389,-0.493497973190726,0.938032031455391
-10.4490166239706,-0.235160870101114,-2.58776399279225,-0.202747506972895,0.0392460740982726,0.567617027244485,-0.0735811032605095,0.316089570588099,-0.115396477318376,-1.60130683866555,-0.0236392695137917,0.960140677996875
-4.96410794998195,-0.597288928521225,-1.12225915893135,-0.203377635534859,0.170101002281335,0.528884921670149,0.848868932281818,0.544686252963461,-0.0399533251553672,-1.88665569149976,-0.186744818772699,0.920552793411179
-10.7105358065983,-1.01631554031309,-1.38020823332732,-0.20720400645636,0.177282136164774,0.587700950244963,0.217930260880327,0.144854588250915,0.00828419091435576,-2.39717663193395,-0.653873261147341,0.936155640913502
-7.49657277283774,-0.91036199591307,-0.952052742338666,-0.225268040214779,0.0892697943302805,0.581982129400432,1.11888308795415,0.131820202116429,-0.0556880847498522,-3.31484523556184,-0.723645383073843,0.91446931086075
-7.04716879793237,-0.543044586860259,-2.29112230411275,-0.18959818940244,0.16611075370064,0.543448509624143,0.618715705120104,0.314415058207259,-0.0345946229885772,-3.12442397110851,0.139571869732679,0.9169111310654
-13.011140499098,-0.775139301431432,-1.5498880685955,-0.21166397097189,0.112126587785189,0.550971269065096,0.617532362105114,0.142294572070575,-0.0306440709676318,-2.57987479047616,-0.564850715539663,0.944154684347145
-10.7715965325283,-0.907161569633292,-1.71209810055682,-0.210154707084538,0.160478095460419,0.527384089437469,0.128408497391194,0.307510661565273,-0.0625164266347065,-3.06608674358093,-0.144071003668691,0.939536118617705
-12.0076848526347,-0.559532985589391,-1.39413695045169,-0.215985769251943,0.182197060762757,0.537188708245926,1.05469628047048,0.356935377367575,-0.195928537848395,-2.90429134928567,-0.156917525447267,0.904912901418972
-12.6497764458388,-0.632227261740894,-0.997609745712681,-0.194962900251981,0.0992205718089895,0.542795742832892,0.9045425697689,-0.00320734241615821,-0.0467900717797632,-1.45633340519944,-0.0938205378635319,1.01484006514662
-11.5286125859838,-0.494489926269015,-2.02301502587806,-0.210792552014409,0.126326359113316,0.523372161764471,0.861105461059207,0.346097403472729,-0.0105834595137011,-2.21237285274172,-0.218642190979654,0.987283161363258
-12.1205142881397,-0.484142063740051,-1.12981393045132,-0.232324190410763,0.221687736832772,0.559614132242924,0.56995590786834,0.298481565009333,-0.0608379061444024,-3.13091933473394,-0.457993057597202,0.912022043341211
-13.0927319870301,-0.667126001256488,-1.24958891662867,-0.21455543226746,0.162182695591123,0.556915616892869,0.563527437790109,0.271473629741748,-0.0715820362722615,-3.47918861167805,-0.58308214894007,0.870540793128146
-8.50155543338564,-0.841923220997092,-1.21523929190907,-0.201613020724741,0.211469667021588,0.544949725416243,0.458047083955072,0.110192386304958,0.0202249074023288,-3.28767502038354,-0.682271219395445,0.891898429733562
-6.10631761470272,-0.397020904416707,-0.692438747976294,-0.167865707826393,0.214025864732234,0.596192683904446,0.156044792064892,-0.00144850262589916,-0.119953709132533,-1.25501009175138,-0.612375312092766,0.753349374241624
-13.206938885482,-0.762588200475036,-1.04045696759611,-0.197875574332787,0.193912086473313,0.57166808276033,0.296435889052131,0.0684512492633207,-0.0764678060966372,-3.40338515114661,-0.559350021988796,0.935319515919906
-7.15319030053697,-0.792874431385266,-1.12092796682645,-0.190786690580959,0.255323079104389,0.543592099088853,0.71458910576273,0.0372202484010104,-0.140790797584164,-3.43288413866976,-0.522358400092827,0.838090813989399
-11.3818635105303,-0.271056656131437,-1.44736504912605,-0.193791564187196,0.273322714397438,0.545454120972539,0.941975429944239,0.324672809907116,-0.120870613082595,-1.1424803362402,-0.143552795128065,0.773531478331064
-5.03227471060226,-0.505028996784147,-2.06754584798686,-0.200579954061744,0.16610049382343,0.545107082852512,0.432434225095796,0.229293446609127,-0.101054491183596,-3.44820145923665,-0.72960016302654,0.876281920324484
-13.9228267622046,-0.827022810076324,-1.36929953684955,-0.200289738265522,0.157572574628389,0.569966399464972,0.503443179176052,0.145975349710935,-0.149631776181851,-1.13846528525545,-0.3849185637004,0.950553941703804
-2.20453281770016,-0.226481295128138,-0.892572982443615,-0.194478743999598,0.201742593837382,0.584318645626694,0.0624075681018279,0.11371941217597,-0.158999234179667,-2.39371045726517,-0.0318437406358969,0.947142333534771
-14.243776697783,-0.742398088668363,-1.83083365953372,-0.238794342622492,0.19317945895989,0.569515488933938,-0.0196435585670693,0.194179372651634,-0.139218462618823,-0.928885774552214,-0.22452160586883,0.832778863873783
-0.821328951866121,-0.894572107153291,-1.23891748559022,-0.196184202868216,0.197311837021486,0.551143817333049,0.562944703428718,0.214973400452623,-0.106150799926774,-2.13552815395568,-0.438957609781862,0.902039259197447
-12.5318012297731,-0.597719869276019,-0.577428866289524,-0.201277602086333,0.319606475363901,0.59668563960179,0.384533384070181,0.364080967987818,-0.0702882056023089,-1.9032418657491,-0.484815761473882,0.955266921000149
-11.6874744006532,-0.299290163318368,-1.44134046713178,-0.217636088270382,0.186791688895693,0.565529459085258,0.677501763940957,0.170511091456767,-0.116956915035374,-3.84715793816704,-0.835507838804202,0.931864637377816
-9.67817242303535,-0.853642454334326,-0.80989866017061,-0.180531523686808,0.288216347613457,0.494159645194016,-0.373371442371884,0.180943421313402,-0.0777029251820068,-3.33706954570125,-0.828579597042903,0.991889869411491
-14.2130832766956,-0.911053156305983,-1.4131180103009,-0.217937455230732,0.214858145631224,0.536021210355472,0.604817644508523,0.266962198470275,-0.126464428978737,-0.490283148004298,-0.10900302800542,0.869208601315619
-6.55743395159751,-1.01844846106988,-1.37650983185306,-0.191535244797412,0.236644937010633,0.541471107460453,0.306910222021054,0.0554646364420909,-0.0527421457115764,-2.67946280010173,-0.550857505303797,0.914673585894041
-13.2068064446216,-0.672184805797779,-1.01554938392538,-0.218816092056114,0.166927395247714,0.552864089079016,0.588882750406806,0.107539839645248,-0.117540340231544,-3.70295524250592,-0.55618820200521,0.920637641814308
-0.632911589654369,-0.30615012294189,-0.784955558962482,-0.2124806607121,0.233853640112542,0.546422285942542,-0.288069242007496,0.274470120200844,-0.115330823553447,-1.61952704434116,-0.405977755540588,0.86271541593531
-11.4335354891177,-0.577562999891569,-1.95968264163062,-0.201065596237568,0.149720172622558,0.541729303084829,1.17510775066969,0.163087039703646,-0.0174627381178108,-3.17965554220095,-0.199297083694249,0.880014582352889
-10.5650854202438,-0.197365182290792,-1.71202711694481,-0.208461776272717,0.160870995555665,0.553875414369738,1.12056928560417,0.350959264508867,-0.0417004391900138,-2.56576536890913,-0.4130143533702,0.877512485631258
-13.9601627689146,-0.822449238772833,-1.16403611009375,-0.203481314817821,0.132570979278718,0.584538579599122,0.596897361208926,0.461426192911474,-0.0653844166383238,-1.99334305904419,-0.815393430575244,0.892957607206819
-8.54360144651125,-0.97318326798481,-1.26647697342486,-0.217130900845932,0.133369400531121,0.565326353976621,0.632157025223753,0.239251593961337,-0.106178237577528,-3.51796278425492,-0.602482192059953,0.846901054681777
-13.9562761662465,-0.928280466637213,-0.65427387849775,-0.211293441280982,0.19816100427844,0.553727162674362,0.577898068140894,0.0962330239975902,-0.156568331215251,-1.35155769331054,-0.544113899080598,0.854223310255969
-9.76656048545253,-0.0574701043643241,-1.54480834532594,-0.227374351030682,0.171894042598215,0.580934686078628,0.651753207081707,0.174186507919356,-0.181615481706658,-3.08012852624473,-0.271924962045188,0.941414398023314
-10.9186084153828,-0.118360667870353,-0.882182017187591,-0.20222358590251,0.192960927201348,0.547804560233012,0.557381373931744,0.133236462610247,-0.0259601641260679,-3.77864054965917,-0.945172700835947,0.92267005820196
-2.44250754972386,-0.333913146541842,-1.64153876259479,-0.193707188960809,0.176962933106781,0.628719186390551,0.492839414188999,0.400155883170247,-0.184451833037352,-2.34023677179807,-0.239090113798594,1.00932638726435
-7.70390697763328,-0.708732982023111,-1.40589498056437,-0.248029896489311,0.174280206553556,0.555800947709019,0.781676932250682,0.441734994215147,-0.167984228389411,-1.90862416108156,-0.612439988842691,0.910552071131292
-8.70058532300764,-0.655912537756612,-1.28078971382754,-0.216491121147441,0.206124420149898,0.556281792283944,1.13766530487059,0.410111185424902,0.00690357493210736,-3.85991753246985,-0.202420745050528,0.904155601973732
-11.5606807976766,-1.00120805935687,-0.750567919553807,-0.222521991270935,0.111020590335222,0.619207725617373,0.607788959084545,0.099313912780446,-0.155046856236993,-2.4560621810783,-0.309141517961032,0.908078328851117
-11.2502206878401,-0.3380720551356,-1.00967331708108,-0.20097174110466,0.226453224156912,0.585334370430168,0.948631345535707,0.190539322077401,-0.0531428927688476,-3.13697413100762,-0.82982508675942,0.985002382779344
-12.5628183382362,-0.514111512000264,-0.590307401005836,-0.214083010833214,0.158995491771347,0.578250774890761,0.929405261633273,-0.100802514262485,-0.100176813252377,-2.05660759483858,-0.0356111373369717,0.974160868891106
-13.3501514175301,-0.811769463834003,-1.05020061575161,-0.197828063063268,0.191455499079561,0.584634264796089,0.228514160378767,0.0968775323997693,-0.0648632385464644,-3.40551968432857,-0.234394220866037,0.862259116477149
-10.355526727046,-0.445861338822557,-2.02053940464306,-0.229208945422064,0.154638551773991,0.536146433663138,0.25385789703633,0.194572446354965,-0.0765119948733332,-0.58319429996495,-0.0490413502319199,0.897714206437256
-10.7184191916243,-0.484467999037077,-0.791891525516707,-0.191473703837087,0.225683922807887,0.505621388332927,0.780054197935789,0.670846242077564,-0.31105680812282,-2.4061515424974,0.873653035755865,0.925524678608095
-11.5590758416873,-0.460340794280865,-1.67353154948531,-0.21634090789145,0.107967067037919,0.545480038199647,0.132619158214104,0.020841346797301,-0.0931559317379994,-3.0435472430315,-0.665651301594344,0.965837303723911
-13.2000378407131,-0.651997558469148,-1.32783201839962,-0.184503263103781,0.15989225425268,0.564062799935915,-0.00890692583234287,0.339408412659432,-0.07373179563824,-2.50436143208169,0.0193056432629482,1.00218103226893
-12.325488175691,-0.624346629823392,-1.55954130998933,-0.21131202754378,0.1354369947198,0.5657424749045,1.09017477000627,0.250212848363737,-0.108042880579409,-1.5884137528354,-0.334333485380206,0.958724670117193
-10.6671368183569,-0.939988760832526,-1.11243618450261,-0.204586202923701,0.28530131551135,0.579086437349752,0.358221433217439,0.238537188427239,-0.0755558432946219,-0.662487232349946,-0.307410809316058,0.936346114837128
-12.0409277541151,-0.45666980046071,-0.963105615949421,-0.20689600435063,0.175774053441489,0.548829769745552,0.457888445699013,-0.0254552880774707,-0.0490558974408915,-2.93453736058455,-0.705660802735475,0.970430082803937
-9.5007418330533,-0.0989189411954438,-1.51692668734428,-0.22143185439392,0.219224556584944,0.533865255272262,0.569808858321173,0.26537159634975,-0.0833645658093609,-2.98594418449331,-1.03445324090661,0.846279325730414
-13.7976533045063,-0.87371576680843,-0.931584227900313,-0.195059364201408,0.2336033471017,0.552175007689685,0.580255833228803,0.262188118656883,-0.0777804206975945,-2.15288801680963,-0.636400077599885,0.897051215716405
-8.56606780763097,-0.748597660273351,-1.61352747543368,-0.204858459728842,0.194598355879004,0.562068027266717,0.571127538281702,0.140126281838126,-0.0207115772163871,-2.96949637258851,-0.513688066314175,0.886679166815515
-6.71117753542628,-0.854390267490831,-0.345430084599655,-0.233374740729539,0.195113483758218,0.563572234082062,0.696707950507785,0.218265445069069,-0.0206232192977151,-3.02760681134672,-0.692122546657637,0.935907502309718
-10.8753406711467,-0.0754431262038055,-0.615661224321189,-0.202491321587256,0.165633145092467,0.573354012500687,0.0791455114630008,0.317881448807396,-0.0249185668418064,-0.199899484977306,-0.364887387353679,0.995763600732261
-11.2628304357361,-0.360684275099191,-0.651270148919911,-0.211334989228841,0.212800064046769,0.529038728830754,0.725681305521349,0.286373047037184,-0.221587478368615,-2.75642115737708,-0.418457547234502,0.970500911276871
-11.5956014791948,-0.468654003273109,-1.32424287870928,-0.201222913740503,0.147653990030089,0.548659872127876,0.566211660717511,0.0281339065217242,-0.140987600620231,-2.04457237719918,-0.768536809725039,0.918797494235115
-7.11663707072389,-0.755308807573177,-1.7464368445867,-0.186508311396749,0.178365280995348,0.534668984975306,0.123798083920596,-0.0410060217434054,-0.186127842075741,-2.78803812599319,-0.469571952861804,0.684472816923871
-2.92435987574602,-0.497544083179702,-2.17925569427314,-0.221212752499631,0.122841622358545,0.550776735614918,0.544400048641327,0.346609927627697,-0.128708822296116,-3.59471281162494,-0.861780254792094,0.781879071688379
-9.6080428857592,-0.881678076027772,-1.50576534730851,-0.174572751092678,0.194422592541306,0.560354838141351,0.615364270264315,0.289802972180634,0.0201236752070137,-1.96925470893116,-0.486498446772987,0.850305200261684
-4.57635276773583,-0.461083065403936,-1.65327554821202,-0.175356045924489,0.115963066276012,0.541441539303558,0.507723420459593,0.241028836789024,-0.14389506379978,-2.01027191836656,0.357468949502946,0.880664731671792
-5.91688373106244,-0.77936352403414,-0.991755874322986,-0.225543369994752,0.237453751654088,0.562325353770277,1.07776758397759,0.396095838848521,-0.140051073758615,-1.03008862804025,-0.477650228637462,0.813090915632838
-11.6090108467648,-0.41217447958987,-2.06003533583323,-0.215031963976278,0.143865856469965,0.551185427701247,0.69736358081501,0.0255608601079304,-0.0905325821482399,-2.48379082476323,-0.436778840627847,0.969586623899878
-5.74106838836679,-0.400940168587122,-1.58692448615662,-0.242024864657733,0.325065701251504,0.547174647732855,-0.420603258629534,0.366784910304661,-0.149401431892405,-2.30798581196625,-0.260253440754365,0.891031076194494
-8.17735335467961,-0.916647939242086,-1.89470804167811,-0.226551249934628,0.176065458900102,0.57703542215705,0.193678235440929,0.35796196449457,-0.0544388489256109,-1.75403130496158,-0.200902350475349,0.872433696931394
-5.62701966117847,-0.342095782128984,-1.02561164140176,-0.176999578458894,0.197045918248354,0.601988503702315,1.42193847345051,0.0695487047498381,-0.0881034152068437,-1.69432729323384,-0.787356722118351,0.899749092445056
-4.42969789360113,-0.132567774174519,-1.10536802732411,-0.314886515967343,-0.00646196312978726,0.56408070617001,-0.254752472009176,-0.0497735772951894,0.0499721746166643,-0.484468380842508,-0.213875366425976,0.909034231970568
-11.8744532186031,-0.315480477533301,-1.75068722775457,-0.2153492827845,0.147319361382433,0.569533925283633,-0.149201134858569,0.119576324441584,-0.0615982063437423,-3.82858321076065,-0.608167132663343,0.922284187814211
-7.29324605220409,-0.427530177262935,-0.823663481392917,-0.205335587180026,0.228993896510805,0.55441623005503,0.476181669122054,-0.0204047443902215,-0.12929772297727,-4.15162859854173,-0.862491991830752,0.908930220424857
-9.51899280068972,-1.0487897346562,-1.05966009278972,-0.161631330902479,0.2279535850752,0.606335453959808,0.344879321434473,-0.0451032073061357,-0.156130780786897,-3.18188309057879,-0.0214694334620978,0.844960305417273
-9.75466092391464,-1.00975039536096,-0.609412286478673,-0.163076788694399,0.272485478779672,0.554379017230372,0.926374489497948,-0.0660178015233882,0.0176866231390548,-2.8379491637263,-0.143488153585502,0.917545802148363
-13.7968901401152,-0.734479717354489,-1.03370770272646,-0.201732333808985,0.213809762204467,0.530440835668821,0.131672437987625,0.251532025477606,-0.0459067204763398,-3.90159933196407,-0.0622084202313408,0.930523899417413
-5.73437479081947,-0.870282422663933,-1.16369361654528,-0.182850788157026,0.165024993832147,0.576066399068814,0.0790814245831097,0.0682615043302647,-0.100683257107188,-0.946868172113675,0.0432919180380414,0.811081262971818
-6.05232498184006,-0.853593511696814,-1.2312686601803,-0.21009291999066,0.236028816188604,0.555562432275843,0.779759224069314,0.280791951364888,0.0190273491132201,-3.03827658188513,-0.738263191858315,0.940091400648172
-8.13883358849535,-0.758503540780089,-0.859430892054212,-0.182695134455807,0.192155584956783,0.498466046139451,0.909532821257635,0.346100340419049,-0.105119772977492,-1.69288881587544,-0.621359187247474,0.927869149676241
-6.42220089522174,-0.491716328227387,-1.41079615609127,-0.211394307115743,0.185790174830485,0.559453841715867,0.460335208086501,0.0626706114756311,-0.0894754293134597,-3.91326106135382,-0.834212928982811,0.863606937227452
-11.7401988815041,-0.608409576517351,-0.880791204955257,-0.260763598420085,0.245017652898308,0.614832644379132,0.318187281577026,-0.0290299752814073,-0.181792842281308,-1.17380470437442,-0.0656362794223629,0.889100998603304
-11.3272949464072,-0.043160978967617,-0.846598891892214,-0.207910850808345,0.244137220678827,0.587261393021657,1.09338107221206,0.0912449479223523,0.0311761018804762,-3.28446162825297,-0.650863599832195,0.924534761131826
-9.01794403262655,-0.69015220334947,-1.21430017312984,-0.195806236129133,0.18629575280366,0.554748598558907,0.466486201505248,0.220330979968496,-0.00131107420290263,-3.44946682768307,-0.682076260375323,0.981088192033967
-12.1584971686262,-0.557929982656612,-1.3231590299765,-0.21206954253295,0.193589118751519,0.567113826640925,1.00965103042087,-0.00291369037883116,-0.10580498965084,-2.40195370525911,-0.622161494263366,0.915587065750617
-10.7164771531167,-0.186505570518522,-1.70838349845421,-0.188426220673437,0.202175297985421,0.521036445721673,0.445931241962693,-0.0213172913254965,-0.195814863545863,-2.54420686391074,-0.414048267478232,0.976763699335958
-11.3417400393485,-0.513380137511452,-1.55034083202489,-0.206005596371274,0.196544708584368,0.547731391063443,0.314732574331737,0.212279978365559,-0.0931288563734717,-2.98415303604906,-0.383848747213825,0.998730657817623
-12.0045290761248,-0.363590298891488,-1.74682693948236,-0.188684839616629,0.209384707193889,0.56799217630983,-0.420711778675628,0.136495634868309,-0.152561915655151,-2.71811104604271,-0.174214229881265,0.910543962452427
-3.3384745057754,-0.32430197541738,-1.78911294780247,-0.213678902628473,0.30493713000289,0.535591651315477,0.907710730639473,0.404010095823355,-0.187125395098122,-3.45702340785127,-0.511684642223238,1.09019637231349
-11.9934080611862,-0.366883727342209,-1.1610728485866,-0.198387518607875,0.198008218955728,0.57924414077404,0.336691959546818,0.284530741677221,0.00130264066722915,-2.57447052770609,-0.997582676157262,0.857128079503658
-11.8363115558754,-0.46803205573497,-0.862724084811689,-0.204567720957624,0.226066487386511,0.564280406538415,0.36209912235558,0.143864753323319,-0.130550841067682,-3.61321086256195,-0.837913195682351,0.892738365454306
-11.1418948529378,-0.385894188080054,-1.47195137620644,-0.202760936301414,0.291187853832543,0.579983371905232,0.18852141112704,0.204556740813295,-0.146840160958144,-3.08586544421761,-0.517502912875951,0.915474087436067
-8.88794411108764,-0.937587777372652,-1.01328730878227,-0.209776802688817,0.266223176858767,0.578299191493376,0.587414883295671,0.127553340735993,-0.1000286498944,-2.38452861128051,-0.551206493469987,0.963000634826103
-13.0626269289194,-0.744687367396559,-1.41441437195583,-0.201870338406556,0.190497189302703,0.557512116784051,0.279976874062463,0.341397741056516,-0.0619684938972528,-1.90698308422787,-0.43476906504461,0.920434947520441
-8.53230092163615,-0.945266952113622,-1.66112112340417,-0.232131105931491,0.191980459229232,0.544249024186648,0.717169276438703,0.0249207143510054,-0.114918333654665,-2.13257495711486,0.145889799892549,0.891787472940679
-6.90899887042581,-1.04311713832769,-1.44897414813993,-0.224919536844481,0.164596493433315,0.531788116222732,0.433026119383464,0.223002565162416,-0.133408610126989,-2.9518728638645,-0.444902355284023,0.884234119985152
-8.88535121270402,-0.97774270457226,-0.773755147766783,-0.19239798105084,0.16182141101878,0.621147188076056,0.688006151126312,0.360488940114738,-0.112536261998633,-3.37694037521161,-0.236016730463249,0.921795667943211
-7.61841326883315,-0.564666827953667,-2.53230484672509,-0.193273083547064,0.120540627484072,0.5852186301411,0.672817905253995,0.200615981607223,-0.106670838350878,-1.13780213068086,-0.211521566640075,0.94551512547943
-7.71747126643127,-0.728065597765283,-1.21056381335245,-0.230331094151624,0.275382343694175,0.534779124894428,1.23328433511981,0.281438509120952,0.0551145090699129,-3.03064962277722,-0.348330247822239,0.942504624723982
-6.44051844144771,-0.631304512490694,-1.40590579126342,-0.216313015357573,0.183229076176227,0.533601317235322,0.367538214968652,0.189136991566693,-0.0469955221679417,-4.43110594960278,-0.942263773111842,0.855227190551198
-5.61890665277202,-0.63048901289513,-1.24881415491896,-0.184149573085692,0.109074398609901,0.535549755754437,1.55736987354138,0.341671735942475,-0.0974230414807797,-2.53099804814976,-0.210915716926496,0.935428031571979
-12.2913510022313,-0.48184983327982,-1.3294482836243,-0.195946112681945,0.226198023836541,0.568594819944633,0.118024040846568,0.0665867120626146,-0.0791799547328266,-0.769082214818218,-0.00728616629897243,0.956712676746272
-8.70446841889646,-0.828776983851627,-1.195307231402,-0.222991343983767,0.139995998849694,0.565680246935174,0.884636733647519,0.18166465742414,-0.115488716932999,-3.45847999017581,-0.384426684103164,0.91019358922156
-10.8831972035939,-0.324073150391996,-1.15850552622437,-0.186116688081365,0.212603099733225,0.555577454261449,0.615990464023349,-0.0534619212189962,-0.18755595683301,-3.09277651790926,-0.72990399002897,0.932258966068955
-10.3335791143209,-0.133096678247869,-0.218428948136674,-0.206787001589515,0.151102681267974,0.555007832471536,0.656254932724614,0.396663093821898,-0.0949008325912638,-3.11040066429131,-0.383039881032422,0.948058134993697
-10.6507574918392,-0.414029064866141,-2.16705118030595,-0.221523146403579,0.132141899930784,0.564113473873893,-0.0671362990463854,0.110642206762603,-0.169536489530299,-1.32356167882694,-0.343160530818482,0.914907907315723
-5.79689975522833,-0.545906070569843,-2.08507296429967,-0.213645844417873,0.17624609463975,0.629734140977924,0.712821996776484,0.156610377378253,-0.243469897271247,-1.15350986224965,-0.316414264076543,0.810899155053984
-2.67187485655248,-0.130577290275421,-1.15965134579907,-0.312040082324682,0.0750230734003387,0.520651108816871,0.0453589860515672,0.0828846632854613,-0.0372334654181384,-1.20775999121763,-0.316857770704578,0.992979298690835
-3.59980238103013,-0.321481453524367,-1.21805054619669,-0.226458315242188,0.302165857350109,0.560609770371666,0.544126571369967,0.217441491869669,-0.0810607678951997,-3.87121200953378,-1.00710484770668,0.893447741235852
-1.04434291365014,-0.917727869343457,-1.35818045653944,-0.231816440756448,0.209410310096836,0.541509896418244,0.458349684936723,0.207063058507143,-0.151411867968608,-2.04274387916863,-0.410727151054186,0.935649435740049
-4.78482609172914,-0.290250273724911,-1.0596516097939,-0.101643288213389,0.313787131862193,0.411564251999273,0.180839757831324,-0.590145660903376,0.205495607592168,-0.804965497731699,-0.0540706089572354,0.621337612173882
-9.12926471153122,-1.02071820635288,-0.923559264113952,-0.19146034522165,0.224582886531711,0.563275993969845,0.381587765842465,0.195258587053784,-0.120635071638106,-2.02594498384355,-0.177658320973559,1.01612082231585
-5.65702878477787,-0.53076749120354,-1.44826813485257,-0.260493341051557,0.225184505448001,0.528364404068102,-0.0160340137404185,-0.0585494462485376,-0.233499904343663,-1.63273306491677,-0.190468873902681,0.9737558544463
-13.7344690977273,-0.875319952638497,-1.22299778505566,-0.214052356167183,0.146199960832515,0.587990797304448,0.361208412295082,0.187154471045242,-0.143529494026471,-1.80962205832594,-0.699058553571911,0.841549049575884
-10.838245928985,-0.32269306684596,-1.68187979723663,-0.222361756577929,0.153691763950681,0.545851945634009,0.682782615806039,0.381836562934171,0.0274482500154234,-2.58625616008496,-0.752183101217704,0.977487934799154
-10.9399861340592,-0.231640213151163,-1.17637232610652,-0.196040910992013,0.204882093723482,0.554430271236682,0.690012723818617,0.106915972485981,-0.0996258905737636,-3.85054864262922,-0.867635168831634,0.896683735059719
-11.9225165711384,-0.495325975240983,-1.52248139248295,-0.200973591054029,0.17614222442277,0.544069538355895,0.774951375413759,0.188756948018012,0.0106952431661735,-0.977264284648747,0.105192251453394,0.77633523014626
-14.278763652762,-0.952021764640417,-0.765623712030013,-0.218843457838881,0.151321886759456,0.554479190660525,0.167095371130231,0.143263754556945,-0.114227591693224,-1.97908824900889,-0.156675185076542,0.887019118525035
-10.915245491575,-0.23686791094122,-0.758016086888871,-0.19118510448941,0.126067576005932,0.543269056441762,0.143987225767912,0.0372578300598191,-0.126430874303509,-3.51790789914464,-1.06037265000163,0.944676807541011
-11.4609134833549,-0.309329193188292,-1.04534204106875,-0.217600143462991,0.183993281533196,0.549298271718023,0.185990337917947,0.122551567929689,-0.0681152549409461,-3.80392263261499,-1.04749082913613,0.911536871694364
-9.74754088960239,-0.998228376464627,-1.64370607013008,-0.204993492477791,0.156469361067112,0.56521910343042,0.0530886443174732,0.0904144565988748,-0.172421732800947,-2.48100166968529,-0.678751017481324,0.885918318702851
-12.1026131971948,-0.538050316522338,-0.921335101903866,-0.21301897695458,0.263662719479878,0.595434206694232,0.516588800676962,-0.0035574915099953,-0.142819670561146,-3.60982032286001,-0.402509007259552,0.915431649220424
-12.1605821046293,-0.546183924716059,-0.963939698357589,-0.198663133251536,0.185850322672987,0.590341604505766,0.763915416495381,0.233201451601365,-0.0842350667661994,-2.73169195963272,-0.911492470588566,0.888218704594357
-11.2567957230751,-0.926074768467668,-1.45455068196098,-0.196069440365845,0.194231679111403,0.581650495919818,0.640915593846093,0.135982268793976,-0.125934886947926,-2.48208018633372,-0.354897461350903,0.947770721882241
